"2020-09-01",463,"https",9,197
"2020-10-01",177216,"https",16,41113
"2020-11-01",51688,"https",22,14448
"2020-11-01",886,"ipfs",3,210
"2020-12-01",70300,"https",35,16948
"2020-12-01",2292,"ipfs",3,496
"2021-01-01",55450,"https",31,25521
"2021-01-01",2152,"ipfs",3,596
"2021-02-01",311718,"https",52,118747
"2021-02-01",66476,"ipfs",4,30004
"2021-02-01",1,"data",1,1
"2021-03-01",75,"data",3,31
"2021-03-01",407170,"https",250,151858
"2021-03-01",54160,"ipfs",16,22552
"2021-04-01",410273,"https",463,146065
"2021-04-01",314192,"ipfs",30,163106
"2021-04-01",1,"data",1,1
"2021-05-01",938700,"https",625,436478
"2021-05-01",334128,"ipfs",49,156866
"2021-05-01",5,"data",3,2
"2021-06-01",80578,"ipfs",56,53396
"2021-06-01",1009,"data",5,998
"2021-06-01",1237583,"https",1176,654290
"2021-07-01",100,"data",4,58
"2021-07-01",7253010,"https",1197,2584721
"2021-07-01",81173,"ipfs",102,25201
"2021-08-01",512317,"ipfs",178,81400
"2021-08-01",160,"data",4,62
"2021-08-01",7922358,"https",1443,2890123
"2021-09-01",426504,"ipfs",239,97034
"2021-09-01",69410,"data",105,19618
"2021-09-01",4181339,"https",2208,689998
"2021-10-01",73319,"data",43,13050
"2021-10-01",424917,"ipfs",244,104272
"2021-10-01",5542575,"https",2727,1054753
"2021-11-01",11840419,"https",3692,945421
"2021-11-01",252318,"data",87,31338
"2021-11-01",882987,"ipfs",366,373287
"2021-12-01",471777,"ipfs",484,156672
"2021-12-01",12218269,"https",3791,1347866
"2021-12-01",270489,"data",100,39154
"2022-01-01",9647418,"https",4571,1036187
"2022-01-01",363222,"ipfs",598,117862
"2022-01-01",245451,"data",131,22665
"2022-02-01",373007,"ipfs",599,84537
"2022-02-01",411728,"data",98,37201
"2022-02-01",11511889,"https",3987,4841406
"2022-03-01",9293587,"https",4078,1093369
"2022-03-01",269020,"ipfs",723,79078
"2022-03-01",368958,"data",111,26993
"2022-04-01",8081134,"https",4220,1012078
"2022-04-01",362356,"ipfs",1017,53226
"2022-04-01",202653,"data",126,34849
"2022-05-01",159415,"data",113,24141
"2022-05-01",180987,"ipfs",905,35789
"2022-05-01",6234133,"https",4165,862118
"2022-06-01",260872,"ipfs",1058,36788
"2022-06-01",180400,"data",115,43449
"2022-06-01",4625779,"https",4129,1033615
"2022-07-01",136151,"data",165,44376
"2022-07-01",4190269,"https",4397,1134288
"2022-07-01",163958,"ipfs",1091,30220
"2022-08-01",126340,"data",164,37704
"2022-08-01",316324,"ipfs",945,63587
"2022-08-01",3186078,"https",4203,579409
"2022-09-01",233809,"ipfs",1194,78500
"2022-09-01",110972,"data",158,31981
"2022-09-01",4087061,"https",4017,964902
"2022-10-01",168482,"ipfs",1464,35930
"2022-10-01",965345,"data",143,770105
"2022-10-01",3626812,"https",4296,1223945
"2022-11-01",3541878,"https",4726,1061799
"2022-11-01",130258,"ipfs",1008,20440
"2022-11-01",1567864,"data",148,1414912
"2022-12-01",4370643,"https",5614,1695534
"2022-12-01",285485,"ipfs",1004,43762
"2022-12-01",671983,"data",170,540295
"2023-01-01",271731,"ipfs",988,67642
"2023-01-01",227539,"data",126,179624
"2023-01-01",3020367,"https",5749,1546559
"2023-02-01",323955,"data",116,268618
"2023-02-01",4902679,"https",6562,2564619
"2023-02-01",194705,"ipfs",919,53114
"2023-03-01",210019,"ipfs",930,48605
"2023-03-01",759883,"data",149,724975
"2023-03-01",8961602,"https",39887,3360939
"2023-04-01",425408,"ipfs",2233,153706
"2023-04-01",354274,"data",163,233872
"2023-04-01",5842706,"https",195210,1803404
"2023-05-01",448473,"ipfs",11253,156297
"2023-05-01",161554,"data",112,116652
"2023-05-01",3495261,"https",71572,947092
